KOD,MESTO,VOLICI V SEZNAMU,VYDANE OBALKY,PLATNE HLASY,Obèanská demokratická strana v %,Øád národa - Vlastenecká unie v %,CESTA ODPOVÌDNÉ SPOLEÈNOSTI v %,Èeská str.sociálnì demokratická v %,Cibulka v %,Radostné Èesko v %,STAROSTOVÉ A NEZÁVISLÍ v %,Komunistická str.Èech a Moravy v %,Strana zelenıch v %,"ROZUMNÍ-stop migraci,diktát.EU v %",Spoleè.proti vıst.v Prok.údolí v %,Strana svobodnıch obèanù v %,Blok proti islam.-Obran.domova v %,Obèanská demokratická aliance v %,Èeská pirátská strana v %,OBÈANÉ 2011-SPRAVEDL. PRO LIDI v %,Unie H.A.V.E.L. v %,Èeská národní fronta v %,Referendum o Evropské unii v %,TOP 09 v %,ANO 2011 v %,Dobrá volba 2016 v %,SPR-Republ.str.Èsl. M.Sládka v %,Køes.demokr.unie-Ès.str.lid. v %,Èeská strana národnì sociální v %,REALISTÉ v %,SPORTOVCI v %,Dìlnic.str.sociální spravedl. v %,Svob.a pø.dem.-T.Okamura (SPD) v %,Strana Práv Obèanù v %,Narod_sobì v %
535010,Bìleè,262,181,181,"12,70","0,00","0,00","10,49",nekandiduje,"0,00","7,18","6,07","0,55","1,10",nekandiduje,"0,00","0,00","0,00",22,nekandiduje,"0,00",nekandiduje,"0,00","6,07","33,70","0,00","0,00","3,31","0,00","0,55","0,55","0,55","4,41","0,55",nekandiduje
532070,Bìloky,135,102,101,"11,88","0,00","0,00","9,90",nekandiduje,"0,00","5,94","11,88","0,99","0,00",nekandiduje,"2,97","0,00","0,00",16,nekandiduje,"0,00",nekandiduje,"0,00","7,92","20,79","0,00","0,00","2,97","0,00","0,00","0,00","0,00","8,91","0,00",nekandiduje
532088,Beøovice,272,152,152,"13,81","0,00","0,00","7,89",nekandiduje,"0,00","8,55","3,94","1,97","1,97",nekandiduje,"1,31","0,65","0,00",18,nekandiduje,"0,00",nekandiduje,"0,00","3,28","32,89","0,00","0,65","0,00","0,00","0,00","0,00","0,00","11,18","0,00",nekandiduje
535125,Bílichov,155,99,99,"7,07","0,00","0,00","9,09",nekandiduje,"0,00","10,10","14,14","0,00","0,00",nekandiduje,"4,04","0,00","0,00",8,nekandiduje,"0,00",nekandiduje,"0,00","4,04","33,33","0,00","0,00","1,01","0,00","0,00","0,00","0,00","8,08","1,01",nekandiduje
532100,Blevice,243,172,171,"6,43","0,58","0,00","11,11",nekandiduje,"0,00","7,60","23,39","1,75","1,75",nekandiduje,"1,16","0,00","0,00",22,nekandiduje,"0,00",nekandiduje,"0,00","4,67","15,20","0,00","0,58","2,33","0,00","1,16","0,00","0,58","8,18","0,58",nekandiduje
532118,Brandısek,1 438,894,883,"11,21","0,11","0,11","7,92",nekandiduje,"0,11","5,54","9,39","1,58","0,79",nekandiduje,"1,47","0,33","0,00",128,nekandiduje,"0,00",nekandiduje,"0,00","3,17","30,12","0,00","0,22","1,13","0,00","0,45","0,11","0,22","11,09","0,33",nekandiduje
532126,Braškov,847,625,619,"14,53","0,00","0,00","5,65",nekandiduje,"0,00","6,46","8,72","1,77","0,80",nekandiduje,"1,13","0,00","0,00",101,nekandiduje,"0,00",nekandiduje,"0,00","8,23","26,49","0,00","0,32","2,10","0,00","0,48","0,00","0,32","6,62","0,00",nekandiduje
532142,Bratronice,749,489,487,"15,40","0,00","0,00","4,72",nekandiduje,"0,61","6,98","11,08","0,41","1,84",nekandiduje,"2,05","0,00","0,00",51,nekandiduje,"0,00",nekandiduje,"0,20","3,90","28,13","0,00","0,20","1,64","0,00","0,61","0,20","0,00","11,29","0,20",nekandiduje
532169,Buštìhrad,2 508,1 645,1 639,"15,00","0,00","0,18","5,30",nekandiduje,"0,12","7,19","7,01","1,09","0,48",nekandiduje,"2,13","0,12","0,06",242,nekandiduje,"0,00",nekandiduje,"0,06","7,62","26,05","0,00","0,18","3,41","0,12","0,48","0,18","0,18","7,74","0,42",nekandiduje
532185,Cvrèovice,568,354,353,"15,01","0,28","0,00","6,23",nekandiduje,"0,28","5,66","12,74","0,56","0,84",nekandiduje,"1,41","0,00","0,00",41,nekandiduje,"0,00",nekandiduje,"0,00","5,38","24,92","0,00","0,00","1,98","0,00","1,13","0,00","0,00","11,61","0,28",nekandiduje
532207,Èernuc,810,418,414,"8,69","0,48","0,00","5,55",nekandiduje,"0,00","5,07","9,66","2,41","1,20",nekandiduje,"0,96","0,24","0,00",50,nekandiduje,"0,00",nekandiduje,"0,48","2,41","30,91","0,00","1,20","1,20","0,00","0,72","0,00","0,00","15,21","1,44",nekandiduje
532223,Doksy,1 263,811,806,"16,25","0,24","0,00","4,09",nekandiduje,"0,24","6,57","7,56","1,73","0,99",nekandiduje,"2,97","0,00","0,12",108,nekandiduje,"0,00",nekandiduje,"0,00","5,45","27,54","0,00","0,37","1,73","0,00","0,62","0,24","0,00","9,67","0,12",nekandiduje
513130,Dolany,188,131,129,"12,40","0,00","0,00","6,97",nekandiduje,"0,00","15,50","4,65","0,77","1,55",nekandiduje,"0,77","0,00","0,00",14,nekandiduje,"2,32",nekandiduje,"0,00","7,75","20,93","0,00","0,77","1,55","0,00","2,32","0,00","0,00","9,30","1,55",nekandiduje
512991,Drnek,141,100,100,"13,00","0,00","0,00","4,00",nekandiduje,"0,00","16,00","15,00","0,00","1,00",nekandiduje,"1,00","1,00","0,00",7,nekandiduje,"0,00",nekandiduje,"0,00","2,00","19,00","0,00","0,00","4,00","0,00","0,00","0,00","0,00","17,00","0,00",nekandiduje
532274,Druec,830,564,563,"16,34","0,17","0,17","7,63",nekandiduje,"0,35","7,46","7,10","0,53","0,71",nekandiduje,"1,77","0,17","0,00",66,nekandiduje,"0,00",nekandiduje,"0,00","6,92","27,70","0,00","0,71","1,42","0,00","0,17","0,00","0,00","8,52","0,35",nekandiduje
532282,Døetovice,366,226,224,"8,48","0,00","0,00","7,14",nekandiduje,"0,00","3,12","15,17","1,78","0,89",nekandiduje,"1,78","0,44","0,44",24,nekandiduje,"0,00",nekandiduje,"0,00","4,01","26,33","0,00","0,44","0,00","0,00","0,44","0,44","0,00","18,30","0,00",nekandiduje
532291,Døínov,255,140,140,"7,85","0,71","0,71","5,00",nekandiduje,"0,00","8,57","12,14","0,00","0,00",nekandiduje,"0,71","0,00","0,00",8,nekandiduje,"0,00",nekandiduje,"0,00","0,71","39,28","0,00","0,00","2,85","0,00","0,00","0,00","0,71","15,00","0,00",nekandiduje
513075,Hobšovice,282,141,141,"9,92","0,00","0,00","4,96",nekandiduje,"0,00","3,54","7,80","1,41","0,00",nekandiduje,"0,70","0,00","0,70",20,nekandiduje,"0,00",nekandiduje,"0,00","1,41","33,33","0,00","0,70","3,54","0,00","0,70","0,00","2,12","14,89","0,00",nekandiduje
532312,Horní Bezdìkov,482,381,381,"20,47","0,00","0,00","4,72",nekandiduje,"0,00","5,77","8,13","0,52","0,78",nekandiduje,"0,52","0,00","0,26",60,nekandiduje,"0,00",nekandiduje,"0,00","6,03","24,93","0,00","0,00","3,93","0,00","0,52","0,00","0,00","7,61","0,00",nekandiduje
532321,Hoøešovice,214,144,142,"23,94","0,00","0,00","7,04",nekandiduje,"0,00","5,63","7,74","0,70","0,00",nekandiduje,"0,70","0,00","0,00",6,nekandiduje,"0,00",nekandiduje,"0,00","6,33","38,02","0,00","0,70","0,70","0,00","0,00","0,00","0,00","4,22","0,00",nekandiduje
535150,Hoøešovièky,99,60,60,"6,66","0,00","0,00","10,00",nekandiduje,"0,00","1,66","18,33","0,00","0,00",nekandiduje,"5,00","0,00","0,00",3,nekandiduje,"0,00",nekandiduje,"0,00","1,66","33,33","0,00","0,00","1,66","0,00","0,00","0,00","0,00","16,66","0,00",nekandiduje
532339,Hospozín,415,192,191,"9,94","0,52","0,00","5,23",nekandiduje,"0,00","9,94","16,23","0,52","0,00",nekandiduje,"2,61","0,00","0,00",12,nekandiduje,"0,00",nekandiduje,"0,52","2,09","31,41","0,00","0,52","2,09","0,00","0,00","0,00","0,52","11,51","0,00",nekandiduje
532347,Hostouò,915,573,568,"14,96","0,00","0,00","4,92",nekandiduje,"0,17","6,33","7,04","1,58","0,88",nekandiduje,"1,40","0,17","0,35",68,nekandiduje,"0,00",nekandiduje,"0,17","6,86","28,87","0,00","0,35","2,64","0,00","0,88","0,17","0,17","9,68","0,35",nekandiduje
532355,Hradeèno,409,264,263,"15,58","0,00","0,00","3,42",nekandiduje,"0,00","5,70","6,46","0,38","0,38",nekandiduje,"0,76","0,00","0,00",43,nekandiduje,"0,00",nekandiduje,"0,00","7,60","31,93","0,00","0,00","2,28","0,00","0,38","0,00","0,38","7,98","0,38",nekandiduje
532363,Hrdlív,392,251,250,"10,40","0,00","0,00","7,20",nekandiduje,"0,00","3,20","9,20","0,40","1,60",nekandiduje,"3,20","0,00","0,00",22,nekandiduje,"0,00",nekandiduje,"0,00","3,60","38,00","0,00","0,40","4,00","0,00","0,40","0,40","0,00","9,20","0,00",nekandiduje
532371,Høebeè,1 528,979,946,"15,01","0,10","0,10","3,91",nekandiduje,"0,00","6,87","4,54","0,73","0,52",nekandiduje,"2,21","0,10","0,10",140,nekandiduje,"0,10",nekandiduje,"0,00","6,02","33,08","0,00","0,21","1,47","0,10","0,52","0,00","0,21","9,09","0,10",nekandiduje
532398,Chrín,204,124,124,"6,45","0,00","0,00","9,67",nekandiduje,"0,80","8,87","10,48","2,41","0,00",nekandiduje,"0,80","0,00","0,00",14,nekandiduje,"0,00",nekandiduje,"0,80","1,61","33,87","0,00","0,00","0,00","0,00","0,80","0,00","0,80","11,29","0,00",nekandiduje
532401,Jarpice,228,137,137,"8,75","0,00","0,00","3,64",nekandiduje,"0,72","6,56","20,43","0,72","2,91",nekandiduje,"0,00","0,00","0,00",13,nekandiduje,"0,00",nekandiduje,"0,00","3,64","32,11","0,00","0,00","4,37","0,00","0,00","0,00","0,00","6,56","0,00",nekandiduje
532410,Jedomìlice,305,203,202,"11,38","0,00","0,00","6,93",nekandiduje,"0,00","13,86","10,89","0,49","1,48",nekandiduje,"2,97","0,00","0,00",17,nekandiduje,"0,00",nekandiduje,"0,49","3,96","23,76","0,00","0,49","0,99","0,00","1,48","0,00","1,48","10,89","0,00",nekandiduje
532428,Jemníky,204,142,142,"15,49","0,00","0,00","3,52",nekandiduje,"0,00","11,26","10,56","0,70","0,00",nekandiduje,"0,00","0,00","0,70",17,nekandiduje,"0,00",nekandiduje,"0,00","4,22","23,94","0,00","0,00","4,92","0,00","0,70","0,00","0,00","11,97","0,00",nekandiduje
532444,Kaèice,990,612,612,"11,43","0,00","0,00","6,04",nekandiduje,"0,00","6,20","10,45","1,14","0,65",nekandiduje,"1,47","0,32","0,00",77,nekandiduje,"0,16",nekandiduje,"0,00","2,12","34,15","0,00","0,16","0,49","0,00","0,81","0,00","0,00","11,11","0,65",nekandiduje
532452,Kamenné ehrovice,1 426,930,923,"11,59","0,21","0,00","6,28",nekandiduje,"0,10","4,22","10,07","1,30","0,97",nekandiduje,"1,19","0,10","0,00",114,nekandiduje,"0,10",nekandiduje,"0,00","4,65","33,26","0,10","0,43","1,08","0,00","0,65","0,54","0,00","10,72","0,00",nekandiduje
513032,Kamennı Most,356,197,196,"12,75","0,00","0,00","4,08",nekandiduje,"0,00","6,63","16,32","1,53","0,51",nekandiduje,"1,02","0,00","0,00",21,nekandiduje,"1,02",nekandiduje,"0,51","3,06","27,55","0,00","0,00","2,04","0,51","0,00","0,51","0,00","10,71","0,51",nekandiduje
532053,Kladno,53 652,29 228,29 034,"11,35","0,16","0,04","6,89",nekandiduje,"0,14","4,42","8,54","1,49","0,69",nekandiduje,"2,04","0,05","0,12",3 480,nekandiduje,"0,04",nekandiduje,"0,05","5,33","30,48","0,06","0,23","2,28","0,03","0,77","0,13","0,15","12,14","0,27",nekandiduje
532461,Klobuky,822,434,430,"5,58","0,00","0,00","14,41",nekandiduje,"0,00","3,25","11,86","1,16","0,23",nekandiduje,"3,02","0,00","0,00",45,nekandiduje,"0,00",nekandiduje,"0,00","2,32","30,00","0,23","1,16","1,86","0,00","0,00","0,46","0,69","13,02","0,23",nekandiduje
532479,Kmetinìves,228,137,136,"11,76","0,73","0,00","2,94",nekandiduje,"0,00","6,61","8,82","1,47","2,20",nekandiduje,"0,73","0,00","0,00",19,nekandiduje,"0,00",nekandiduje,"0,00","2,94","25,73","0,00","0,00","1,47","0,00","0,00","0,73","0,00","19,11","0,73",nekandiduje
532487,Knovíz,446,276,275,"16,00","0,00","0,00","8,36",nekandiduje,"0,00","6,54","7,27","1,81","1,09",nekandiduje,"1,09","0,36","0,36",18,nekandiduje,"0,00",nekandiduje,"0,00","4,00","26,54","0,00","0,72","1,45","0,00","1,09","0,00","0,00","16,00","0,72",nekandiduje
532495,Koleè,484,270,269,"8,17","0,00","0,00","9,66",nekandiduje,"0,00","3,71","13,01","2,60","0,00",nekandiduje,"1,11","0,00","0,00",33,nekandiduje,"0,00",nekandiduje,"0,00","2,23","29,73","0,37","0,00","1,85","0,00","1,85","0,00","0,37","12,26","0,74",nekandiduje
535109,Královice,173,124,124,"15,32","0,00","0,00","4,03",nekandiduje,"0,00","4,03","14,51","0,80","0,00",nekandiduje,"4,83","0,00","0,00",9,nekandiduje,"0,00",nekandiduje,"0,00","1,61","24,19","0,00","0,00","4,83","0,00","0,80","0,00","0,00","17,74","0,00",nekandiduje
571512,Kutrovice,89,52,52,"7,69","0,00","0,00","11,53",nekandiduje,"0,00","9,61","15,38","0,00","0,00",nekandiduje,"5,76","0,00","0,00",10,nekandiduje,"0,00",nekandiduje,"0,00","1,92","19,23","0,00","0,00","0,00","0,00","0,00","0,00","0,00","9,61","0,00",nekandiduje
532517,Kvílice,63,39,39,"7,69","0,00","0,00","5,12",nekandiduje,"0,00","0,00","23,07","0,00","0,00",nekandiduje,"0,00","0,00","0,00",4,nekandiduje,"0,00",nekandiduje,"0,00","0,00","35,89","0,00","0,00","5,12","0,00","0,00","0,00","0,00","10,25","2,56",nekandiduje
532525,Kyšice,496,338,338,"14,49","0,00","0,00","3,84",nekandiduje,"0,00","4,73","9,76","0,59","0,29",nekandiduje,"5,32","0,00","0,00",54,nekandiduje,"0,29",nekandiduje,"0,29","7,10","25,73","0,00","0,00","1,77","0,00","1,18","0,29","0,00","7,98","0,29",nekandiduje
541991,Lány,1 626,1 046,1 032,"16,27","0,09","0,00","6,68",nekandiduje,"0,09","6,78","10,36","1,06","1,25",nekandiduje,"1,74","0,09","0,48",119,nekandiduje,"0,09",nekandiduje,"0,38","5,71","27,61","0,09","0,00","1,84","0,19","0,77","0,19","0,09","6,20","0,29",nekandiduje
532533,Ledce,380,247,244,"5,73","0,00","0,00","4,50",nekandiduje,"0,00","9,01","17,21","0,81","1,22",nekandiduje,"1,63","0,00","0,00",25,nekandiduje,"0,40",nekandiduje,"0,00","4,09","25,81","0,00","0,00","2,86","0,00","1,22","0,00","0,00","15,16","0,00",nekandiduje
513041,Lhota,495,363,362,"15,19","0,55","0,00","6,35",nekandiduje,"0,00","4,69","12,70","1,10","0,27",nekandiduje,"0,27","0,27","0,27",48,nekandiduje,"0,00",nekandiduje,"0,27","3,86","27,90","0,00","0,55","2,48","0,00","0,55","0,55","0,27","8,28","0,27",nekandiduje
564150,Libochovièky,49,40,40,"17,50","0,00","0,00","0,00",nekandiduje,"0,00","5,00","7,50","0,00","0,00",nekandiduje,"0,00","0,00","0,00",7,nekandiduje,"0,00",nekandiduje,"0,00","2,50","30,00","0,00","0,00","2,50","0,00","0,00","0,00","0,00","17,50","0,00",nekandiduje
571601,Libovice,266,180,180,"12,22","1,11","0,00","8,33",nekandiduje,"0,00","3,88","7,22","1,66","1,11",nekandiduje,"1,66","0,00","0,00",28,nekandiduje,"0,00",nekandiduje,"2,22","3,33","23,33","0,00","0,00","5,00","0,00","0,00","0,55","0,00","11,66","1,11",nekandiduje
532576,Libušín,2 410,1 354,1 348,"8,38","0,22","0,14","6,08",nekandiduje,"0,07","6,30","10,75","1,33","0,59",nekandiduje,"1,55","0,07","0,00",148,nekandiduje,"0,00",nekandiduje,"0,00","5,93","30,48","0,14","0,22","1,85","0,07","1,11","0,22","0,22","12,98","0,22",nekandiduje
532584,Lidice,425,333,331,"15,10","0,00","0,00","5,43",nekandiduje,"0,00","6,04","7,55","0,30","0,30",nekandiduje,"1,81","0,60","0,30",37,nekandiduje,"0,00",nekandiduje,"0,60","9,06","35,64","0,00","0,00","0,30","0,00","0,00","0,30","0,00","5,13","0,30",nekandiduje
571555,Lískı,90,66,65,"10,76","0,00","0,00","1,53",nekandiduje,"0,00","7,69","13,84","1,53","0,00",nekandiduje,"4,61","0,00","1,53",2,nekandiduje,"0,00",nekandiduje,"0,00","6,15","41,53","0,00","0,00","0,00","0,00","0,00","0,00","0,00","7,69","0,00",nekandiduje
535095,Loucká,105,68,68,"4,41","0,00","2,94","4,41",nekandiduje,"0,00","1,47","16,17","0,00","2,94",nekandiduje,"1,47","0,00","0,00",1,nekandiduje,"0,00",nekandiduje,"0,00","4,41","29,41","0,00","0,00","0,00","0,00","2,94","0,00","0,00","27,94","0,00",nekandiduje
532622,Makotøasy,340,226,226,"10,61","0,00","0,00","6,63",nekandiduje,"0,00","4,86","5,30","2,65","0,44",nekandiduje,"2,65","0,00","0,00",25,nekandiduje,"0,00",nekandiduje,"0,00","7,96","32,30","1,32","0,00","1,76","0,00","0,88","0,00","0,00","11,50","0,00",nekandiduje
532631,Malé Kyšice,385,276,273,"17,58","0,36","0,36","6,59",nekandiduje,"0,00","4,02","3,66","1,83","0,00",nekandiduje,"2,19","0,00","0,00",40,nekandiduje,"0,00",nekandiduje,"0,00","8,79","24,54","0,00","0,00","1,83","0,00","1,09","0,00","0,00","12,08","0,36",nekandiduje
513113,Malé Pøítoèno,199,136,134,"22,38","0,00","0,00","6,71",nekandiduje,"0,00","7,46","6,71","1,49","0,00",nekandiduje,"2,23","0,00","0,74",18,nekandiduje,"0,00",nekandiduje,"0,00","7,46","23,13","0,00","0,00","0,74","0,00","0,00","0,00","0,00","7,46","0,00",nekandiduje
532657,Malíkovice,321,192,192,"8,85","0,00","0,52","5,72",nekandiduje,"0,52","6,77","14,06","2,60","0,52",nekandiduje,"3,12","0,00","0,00",15,nekandiduje,"0,00",nekandiduje,"0,00","2,08","29,16","0,00","0,52","1,04","0,00","0,52","1,04","0,00","15,10","0,00",nekandiduje
571521,Neprobylice,134,80,78,"11,53","0,00","0,00","8,97",nekandiduje,"0,00","3,84","5,12","0,00","1,28",nekandiduje,"0,00","0,00","0,00",9,nekandiduje,"0,00",nekandiduje,"0,00","2,56","29,48","0,00","0,00","0,00","0,00","0,00","1,28","1,28","23,07","0,00",nekandiduje
532665,Neumìøice,330,184,184,"12,50","0,00","0,00","5,97",nekandiduje,"0,00","4,89","8,69","0,00","1,63",nekandiduje,"0,54","0,00","0,00",24,nekandiduje,"0,00",nekandiduje,"0,00","3,26","32,06","0,00","0,00","0,00","0,54","0,00","0,00","0,54","15,76","0,54",nekandiduje
532681,Otvovice,598,388,385,"12,72","0,00","0,00","5,71",nekandiduje,"0,25","4,41","11,42","0,51","1,55",nekandiduje,"1,29","0,51","0,25",34,nekandiduje,"0,00",nekandiduje,"0,00","6,49","35,06","0,00","0,25","1,29","0,00","0,77","0,00","1,81","6,23","0,51",nekandiduje
564192,Páleè,165,98,98,"4,08","1,02","0,00","6,12",nekandiduje,"0,00","10,20","13,26","1,02","0,00",nekandiduje,"1,02","0,00","0,00",3,nekandiduje,"0,00",nekandiduje,"0,00","0,00","45,91","0,00","1,02","1,02","0,00","0,00","0,00","1,02","11,22","0,00",nekandiduje
532711,Pavlov,135,86,85,"12,94","1,17","0,00","3,52",nekandiduje,"1,17","4,70","14,11","0,00","1,17",nekandiduje,"2,35","0,00","0,00",15,nekandiduje,"1,17",nekandiduje,"1,17","11,76","8,23","0,00","0,00","3,52","0,00","0,00","2,35","1,17","11,76","0,00",nekandiduje
532720,Pchery,1 556,930,922,"9,32","0,00","0,10","8,45",nekandiduje,"0,10","5,31","13,44","0,97","1,40",nekandiduje,"2,38","0,21","0,21",92,nekandiduje,"0,10",nekandiduje,"0,21","3,57","28,85","0,10","0,43","0,75","0,00","0,21","0,00","0,32","13,01","0,43",nekandiduje
532738,Pletenı Újezd,401,268,267,"17,60","0,37","0,00","5,24",nekandiduje,"0,00","6,36","9,36","0,74","0,37",nekandiduje,"0,00","0,37","0,37",29,nekandiduje,"0,00",nekandiduje,"0,00","5,61","26,59","0,37","0,00","2,62","0,37","0,74","0,37","0,37","10,86","0,37",nekandiduje
564125,Plchov,158,104,104,"3,84","0,96","0,00","4,80",nekandiduje,"0,00","8,65","18,26","1,92","0,00",nekandiduje,"0,00","0,00","0,00",13,nekandiduje,"0,00",nekandiduje,"0,00","1,92","42,30","0,00","0,00","3,84","0,00","0,00","0,00","0,00","0,96","0,00",nekandiduje
532754,Podlešín,253,152,150,"8,66","0,00","0,00","11,33",nekandiduje,"0,66","10,00","10,66","2,00","0,00",nekandiduje,"2,66","0,66","0,00",14,nekandiduje,"0,00",nekandiduje,"0,00","2,66","27,33","0,00","0,00","3,33","0,00","0,00","0,00","0,00","10,00","0,66",nekandiduje
564087,Poštovice,176,115,114,"6,14","0,00","0,00","1,75",nekandiduje,"0,00","4,38","10,52","0,00","0,87",nekandiduje,"0,00","0,00","0,00",11,nekandiduje,"0,00",nekandiduje,"0,00","0,87","36,84","0,00","0,00","6,14","0,00","0,00","0,87","1,75","19,29","0,87",nekandiduje
532762,Pozdeò,336,228,227,"10,57","0,00","0,00","10,13",nekandiduje,"0,00","3,96","13,65","1,32","1,32",nekandiduje,"0,88","0,44","0,44",15,nekandiduje,"0,00",nekandiduje,"0,00","6,16","37,00","0,00","0,44","1,32","0,00","0,00","0,00","0,00","5,72","0,00",nekandiduje
532771,Pøelíc,317,198,198,"7,57","0,00","0,00","5,05",nekandiduje,"0,00","6,56","7,07","1,01","2,52",nekandiduje,"2,02","0,00","0,50",24,nekandiduje,"0,00",nekandiduje,"0,50","5,55","39,89","0,00","0,00","0,50","0,00","1,51","0,50","0,00","6,56","0,50",nekandiduje
532797,Øisuty,290,194,193,"10,36","0,00","0,00","3,10",nekandiduje,"1,03","6,73","6,73","0,51","1,55",nekandiduje,"5,69","0,51","0,00",31,nekandiduje,"0,00",nekandiduje,"0,00","1,55","21,76","0,00","0,00","3,10","0,00","1,55","0,00","0,51","17,61","1,55",nekandiduje
532801,Sazená,257,159,158,"8,22","0,00","0,00","3,16",nekandiduje,"0,00","5,06","12,02","0,63","1,89",nekandiduje,"2,53","0,63","0,00",20,nekandiduje,"0,00",nekandiduje,"0,00","1,26","27,21","0,00","0,63","3,16","0,00","0,00","0,63","0,00","20,25","0,00",nekandiduje
532819,Slanı,12 020,6 948,6 919,"12,38","0,15","0,05","7,38",nekandiduje,"0,07","5,94","8,22","1,63","0,56",nekandiduje,"2,47","0,11","0,15",791,nekandiduje,"0,01",nekandiduje,"0,08","4,81","30,72","0,08","0,21","1,93","0,00","0,63","0,18","0,40","9,98","0,30",nekandiduje
532827,Slatina,448,291,289,"11,07","0,00","0,00","5,53",nekandiduje,"0,00","8,99","14,18","0,69","0,00",nekandiduje,"1,38","0,00","0,00",24,nekandiduje,"0,00",nekandiduje,"0,00","2,42","31,48","0,00","0,00","2,76","0,00","1,03","0,00","0,69","11,07","0,34",nekandiduje
532835,Smeèno,1 472,790,787,"12,57","0,12","0,12","6,86",nekandiduje,"0,25","8,64","10,54","1,65","0,76",nekandiduje,"1,14","0,00","0,00",68,nekandiduje,"0,00",nekandiduje,"0,12","3,93","26,81","0,25","0,38","3,17","0,12","0,88","0,38","0,00","12,45","0,12",nekandiduje
532851,Stehelèeves,616,392,391,"16,11","0,25","0,00","3,83",nekandiduje,"0,25","8,69","11,25","1,79","0,51",nekandiduje,"1,27","0,00","0,00",51,nekandiduje,"0,00",nekandiduje,"0,25","6,90","20,97","0,00","0,25","1,53","0,00","1,02","0,00","0,00","12,02","0,00",nekandiduje
532860,Stochov,4 432,2 325,2 310,"8,05","0,08","0,00","11,55",nekandiduje,"0,12","6,53","9,87","0,73","1,86",nekandiduje,"1,68","0,04","0,04",203,nekandiduje,"0,12",nekandiduje,"0,08","2,42","30,99","0,08","0,17","1,73","0,08","0,64","0,17","0,25","13,59","0,21",nekandiduje
599441,Stradonice,95,45,45,"11,11","0,00","0,00","6,66",nekandiduje,"0,00","0,00","17,77","0,00","0,00",nekandiduje,"2,22","0,00","0,00",2,nekandiduje,"0,00",nekandiduje,"0,00","2,22","33,33","0,00","2,22","2,22","0,00","0,00","0,00","0,00","17,77","0,00",nekandiduje
551457,Studenìves,357,215,215,"14,41","0,46","0,00","2,32",nekandiduje,"0,00","7,90","7,44","0,46","1,39",nekandiduje,"1,39","0,00","0,00",29,nekandiduje,"0,00",nekandiduje,"0,00","5,11","31,62","0,00","0,00","5,58","0,00","1,39","0,00","0,46","6,51","0,00",nekandiduje
599433,Svárov,429,306,303,"17,16","0,00","0,00","3,96",nekandiduje,"0,00","15,18","3,30","0,66","0,33",nekandiduje,"2,64","0,33","0,00",47,nekandiduje,"0,00",nekandiduje,"0,33","8,25","17,82","0,33","0,00","3,30","0,00","0,66","0,00","0,00","10,23","0,00",nekandiduje
532908,Svinaøov,578,364,359,"13,09","0,55","0,00","11,69",nekandiduje,"0,00","3,06","10,58","0,55","0,55",nekandiduje,"0,83","0,55","0,00",32,nekandiduje,"0,00",nekandiduje,"0,00","3,62","32,31","0,27","0,55","1,11","0,00","0,83","0,00","0,00","10,58","0,27",nekandiduje
532916,Šlapanice,143,79,79,"13,92","0,00","0,00","17,72",nekandiduje,"0,00","1,26","13,92","2,53","2,53",nekandiduje,"0,00","0,00","0,00",6,nekandiduje,"0,00",nekandiduje,"0,00","6,32","22,78","0,00","0,00","2,53","0,00","0,00","0,00","0,00","8,86","0,00",nekandiduje
532959,Tøebichovice,471,283,283,"12,01","0,35","0,00","2,82",nekandiduje,"0,00","4,59","10,95","0,70","1,41",nekandiduje,"0,70","0,00","0,00",25,nekandiduje,"0,00",nekandiduje,"0,00","4,24","40,98","0,00","0,00","1,41","0,35","1,06","0,35","1,06","7,77","0,35",nekandiduje
532967,Tøebíz,190,144,143,"18,88","0,00","0,00","5,59",nekandiduje,"0,00","3,49","9,79","1,39","1,39",nekandiduje,"0,69","0,00","0,69",18,nekandiduje,"0,00",nekandiduje,"0,00","3,49","32,16","0,00","0,00","0,69","0,00","0,00","0,00","0,00","9,09","0,00",nekandiduje
532975,Tøebusice,418,246,242,"7,85","0,00","0,00","5,78",nekandiduje,"0,00","4,54","12,39","2,06","0,41",nekandiduje,"1,23","0,00","0,00",21,nekandiduje,"0,00",nekandiduje,"0,41","2,47","35,95","0,00","0,00","1,65","0,00","0,41","0,41","0,41","14,87","0,41",nekandiduje
532983,Tuchlovice,1 983,1 314,1 305,"12,95","0,15","0,15","5,44",nekandiduje,"0,07","14,09","9,27","1,76","0,61",nekandiduje,"1,30","0,15","0,00",134,nekandiduje,"0,00",nekandiduje,"0,00","3,60","28,04","0,15","0,07","1,37","0,00","0,22","0,15","0,07","9,73","0,30",nekandiduje
532177,Tuøany,479,293,292,"8,56","0,00","0,00","5,82",nekandiduje,"0,34","4,10","10,95","2,05","0,68",nekandiduje,"1,36","0,00","0,34",39,nekandiduje,"0,00",nekandiduje,"2,39","1,71","32,19","0,00","0,00","1,02","0,00","0,00","0,00","0,34","14,72","0,00",nekandiduje
533009,Uhy,288,148,148,"10,81","0,00","0,00","5,40",nekandiduje,"0,67","6,75","12,16","2,70","0,67",nekandiduje,"2,02","0,00","0,67",17,nekandiduje,"0,00",nekandiduje,"0,00","2,70","31,08","0,00","0,00","0,00","0,00","2,02","0,00","0,67","9,45","0,67",nekandiduje
533017,Unhoš,3 626,2 396,2 376,"14,52","0,08","0,08","6,90",nekandiduje,"0,12","4,79","6,43","1,59","0,54",nekandiduje,"2,35","0,12","0,21",341,nekandiduje,"0,04",nekandiduje,"0,12","10,18","25,58","0,12","0,16","2,86","0,00","0,63","0,08","0,12","7,70","0,21",nekandiduje
533025,Velká Dobrá,1 365,995,988,"17,71","0,10","0,00","5,36",nekandiduje,"0,30","6,47","4,95","0,91","1,31",nekandiduje,"1,31","0,10","0,00",122,nekandiduje,"0,30",nekandiduje,"0,00","7,38","29,55","0,00","0,30","2,53","0,00","0,70","0,00","0,40","7,79","0,10",nekandiduje
533033,Velké Pøítoèno,805,535,533,"12,00","0,00","0,00","3,93",nekandiduje,"0,00","4,87","7,31","1,68","0,56",nekandiduje,"2,25","0,18","0,18",77,nekandiduje,"0,00",nekandiduje,"0,00","6,19","29,26","0,00","0,00","1,68","0,56","0,93","0,00","0,18","13,50","0,18",nekandiduje
533041,Velvary,2 472,1 448,1 440,"11,18","0,34","0,00","8,95",nekandiduje,"0,06","7,98","10,62","2,01","1,45",nekandiduje,"0,97","0,20","0,06",130,nekandiduje,"0,00",nekandiduje,"0,00","3,95","27,63","0,06","0,27","2,01","0,13","0,83","0,06","0,34","11,66","0,06",nekandiduje
533050,Vinaøice,1 984,1 223,1 219,"8,03","0,00","0,16","7,62",nekandiduje,"0,24","3,44","10,50","1,06","1,14",nekandiduje,"1,64","0,32","0,08",140,nekandiduje,"0,08",nekandiduje,"0,00","3,77","35,43","0,08","0,49","0,98","0,00","0,65","0,32","0,73","11,32","0,32",nekandiduje
533068,Vranı,580,309,308,"5,84","0,32","0,32","8,44",nekandiduje,"0,00","6,16","11,36","0,64","1,62",nekandiduje,"2,92","0,00","0,00",29,nekandiduje,"0,00",nekandiduje,"0,00","1,62","35,71","0,00","0,32","4,22","0,00","0,00","0,00","0,00","11,03","0,00",nekandiduje
571431,Vrbièany,187,88,88,"3,40","2,27","1,13","7,95",nekandiduje,"0,00","0,00","22,72","1,13","0,00",nekandiduje,"0,00","0,00","0,00",8,nekandiduje,"0,00",nekandiduje,"0,00","0,00","38,63","0,00","0,00","0,00","0,00","1,13","0,00","0,00","12,50","0,00",nekandiduje
571598,Zájezd,92,58,57,"17,54","0,00","0,00","3,50",nekandiduje,"0,00","8,77","5,26","0,00","3,50",nekandiduje,"3,50","1,75","0,00",2,nekandiduje,"0,00",nekandiduje,"0,00","1,75","33,33","0,00","0,00","0,00","0,00","0,00","0,00","3,50","14,03","0,00",nekandiduje
533092,Zákolany,454,287,287,"10,10","0,00","0,00","6,96",nekandiduje,"0,34","11,14","11,14","1,74","0,34",nekandiduje,"1,04","0,00","0,34",39,nekandiduje,"0,00",nekandiduje,"0,69","5,57","21,60","0,00","0,00","3,48","0,00","1,74","0,00","0,00","10,10","0,00",nekandiduje
571423,Zichovec,119,105,105,"15,23","0,00","0,00","9,52",nekandiduje,"0,00","16,19","5,71","2,85","0,00",nekandiduje,"0,95","0,00","0,00",9,nekandiduje,"0,00",nekandiduje,"0,00","2,85","31,42","0,00","0,95","3,80","0,00","0,00","0,00","0,00","1,90","0,00",nekandiduje
533114,Zlonice,1 806,881,876,"7,99","0,11","0,00","6,84",nekandiduje,"0,22","4,45","11,98","1,48","1,71",nekandiduje,"1,71","0,11","0,00",61,nekandiduje,"0,11",nekandiduje,"0,00","2,16","35,27","0,22","0,22","1,82","0,00","0,57","0,22","0,91","14,61","0,22",nekandiduje
533122,Zvolenìves,701,364,364,"9,89","0,27","0,00","7,14",nekandiduje,"0,00","1,64","11,81","1,64","0,00",nekandiduje,"1,92","0,00","0,00",43,nekandiduje,"0,00",nekandiduje,"0,00","4,39","32,41","0,00","0,00","1,92","0,00","0,27","0,00","0,00","14,83","0,00",nekandiduje
599425,elenice,151,91,91,"1,09","0,00","0,00","10,98",nekandiduje,"0,00","2,19","12,08","1,09","1,09",nekandiduje,"0,00","0,00","0,00",11,nekandiduje,"0,00",nekandiduje,"0,00","4,39","42,85","0,00","0,00","5,49","0,00","1,09","0,00","0,00","5,49","0,00",nekandiduje
533149,ilina,645,427,425,"11,29","0,00","0,00","6,82",nekandiduje,"0,00","6,82","12,70","1,41","0,70",nekandiduje,"2,58","0,23","0,00",49,nekandiduje,"0,00",nekandiduje,"0,00","4,47","24,23","0,23","0,47","2,35","0,00","0,47","0,23","0,00","13,17","0,23",nekandiduje
533157,iice,487,298,296,"14,52","0,33","0,00","5,40",nekandiduje,"0,00","5,74","9,12","1,01","1,01",nekandiduje,"0,33","0,33","0,00",40,nekandiduje,"0,00",nekandiduje,"0,00","2,02","36,14","0,00","0,33","0,00","0,00","0,00","0,67","0,33","9,12","0,00",nekandiduje
